"id","priority","phase","task","status","goal_setpoint","acceptance","boundary","evidence","dependencies","risk","notes"
"TODO-010","P0","M1-App-010","LegacyGeometryAdapter P3B：edgeProjectPoint + edgeSplitAtPoint","done","把旧 api_entity_entity_distance -> api_split_curve 的按点切边语义补进 adapter","新增 DTO 和 adapter API；真实 123.stp 上测试 midpoint projection、endpoint rejection、split at projected point；默认 CTest pass；新增实现记录和 build report","只改 app/src/geometry/legacy、app/src/geometry/occ/legacy_adapter、app/tests、文档；不改 domain/rebar 业务","E-IDA-sub_1405D5670；E-DEV-033；E-DEV-034；15_线配筋与弧形组专项初稿.md；16_seg_steelbargroup字段地图初稿.md","M1-App-009","OCCT 投影参数和 ACIS split 点容差不同","M1-App-010 已完成；CTest 8/8 pass；readiness 78/78 pass"
"TODO-011","P0","M1-App-011","LegacyGeometryAdapter P3C：端点 trim 语义","done","复刻旧逻辑 near endpoint threshold 与 trim step 的能力边界","支持按端点方向生成 trim 后 interval summary；测试 near endpoint、短边拒绝、正常 trim；CTest pass；文档记录能力不是 topology mutation","adapter 层内完成；不让钢筋生成器直接调用 OCCT","sub_1405D5670 常量；trim step -0.03；near endpoint 0.1；split length threshold 0.01；E-DEV-035","TODO-010","旧函数 sub_140580950 未完全闭合","M1-App-011 已完成；CTest 8/8 pass；readiness 78/78 pass"
"TODO-012","P0","M1-App-012","LegacyGeometryAdapter P3D：组内最小距离检查","done","给钢筋组算法提供旧 group min-distance 检查需要的几何查询","新增 edge/point/group candidate distance summary；测试组内边距、重复点、阈值判定；CTest pass","adapter + tests；domain 只能依赖 legacy DTO","sub_14059B980；api_entity_point_distance；0.002 min creation distance；E-DEV-036","TODO-010","旧组对象完整字段仍未复刻，但本阶段 adapter DTO 已闭合","M1-App-012 已完成；CTest 8/8 pass；readiness 78/78 pass"
"TODO-013","P0","M1-App-013","LegacyGeometryAdapter P3E：点列 spline 重建","done","封装 api_curve_spline 等价能力，供旧线筋/弧筋流程重建曲线","新增 spline build summary；样本点数按 max(5,length*50)；测试有效点列、点数不足、长度过短；CTest pass","OCCT spline 只在 adapter 内；业务层只看 LegacyCurveRef / summary","sub_1405D5670；api_curve_spline；spline sample count 常量；E-DEV-037","TODO-011","OCCT BSpline 和 ACIS spline 形状可能不完全一致；本阶段是 summary，不是 topology mutation","M1-App-013 已完成；CTest 8/8 pass；readiness 78/78 pass"
"TODO-014","P1","M1-App-014","LegacyWireChain：边链 / wire chain 语义","done","把多段边链包装成旧 ENTITY_LIST / EDGE chain 可用对象","支持边链顺序、连通性、总长度、端点、bbox；测试断链和闭合链；CTest pass","新增 legacy DTO；不实现钢筋排布","旧 VisualTS EDGE / ENTITY_LIST 语义；face boundary loops；E-DEV-038","TODO-010","稳定顺序和选择顺序可能不同；本阶段是 summary，不是 ENTITY_LIST 完整对象","M1-App-014 已完成；CTest 8/8 pass；readiness 78/78 pass"
"TODO-015","P1","M1-App-015","LegacyGeometryAdapter：offset 曲线能力 spike","done","验证 OCCT 是否可稳定替代旧偏移能力","提供 offset preview summary；失败时返回诊断；真实样本测试直线、圆弧、复杂曲线","adapter 层能力验证；不写业务规则","旧逻辑偏移需求；OCCT 几何 API；E-DEV-039","TODO-014","复杂曲线 offset 失败率可能高","M1-App-015 已完成；CTest 8/8 pass；readiness 78/78 pass；xhigh allow_commit；offset 是 preview summary，不等价完整 ACIS offset"
"TODO-016","P1","M1-App-016","LegacyGeometryAdapter：section / 剖切能力 spike","done","补齐剖切、线面求交、剖面圈筋前置几何能力","支持 plane-section summary、edge/face intersection set；测试有交、无交、重合边界","adapter 层；viewer 只可选 smoke","GAP-TECH-004；运行界面确认清单：剖面圈筋；E-DEV-040","TODO-014","OCCT section 和旧 ACIS 容差差异","M1-App-016 已完成；CTest 8/8 pass；readiness 78/78 pass；xhigh allow_commit；section 是 preview summary，不等价完整 ACIS section 或 topology mutation"
"TODO-017","P1","M1-App-017","LegacyGeometryAdapter：sweep / 扫掠能力边界","next","确认扫掠能否作为旧钢筋实体显示/输出底层能力","实现最小 sweep probe 或明确不可用诊断；测试圆形钢筋沿线生成 shape summary","只做几何能力；不产生业务钢筋对象","OCCT sweep/pipe 能力；旧钢筋实体显示需求","TODO-013","大模型扫掠性能可能差","下一轮只做 adapter sweep 能力边界；不创建业务钢筋对象"
"TODO-018","P0","M1-App-018","钢筋领域模型冻结 P1","pending","把 SteelBar / SteelBarSegment / SteelBarGroup 字段按旧证据固化成可编码模型","domain/rebar 新增或修正 DTO；无 OCCT include；字段追溯到 16/13/Detail；单测 pass","只改 domain/rebar 和 tests；禁止 TopoDS/AIS/BRep 泄漏","13_Detail字段映射矩阵.md；16_seg_steelbargroup字段地图初稿.md；E-IDA-018/019","TODO-012","字段含义仍有低置信项","低置信字段进入 99 缺口"
"TODO-019","P0","M1-App-019","旧命令契约绑定 P1","pending","把线筋/弧筋/裁剪等首批旧命令接入 LegacyUiCommandMap 和 command registry","命令 ID、状态机、输入选择类型、NotImplemented 或真实 handler 可追溯；测试 command map","可改 command/UI 契约；不美化成新交互","01_功能操作矩阵.md；03_IDA命令证据.md；08_开发命令契约.md","TODO-018","菜单图片证据不全","不确定命令先 NotImplemented + GAP"
"TODO-020","P0","Evidence","IDA MCP 旧线筋/弧筋链补证据","pending","把 sgroupbarline / sgroupbararc / sub_1405D5670 关键调用链补到可开发级","若 IDA MCP 可用，记录函数、调用、常量、参数语义；若不可用，记录 blocked 原因","只读 IDA；不改代码","03_IDA命令证据.md；15_线配筋与弧形组专项初稿.md","none","IDA MCP 可能无数据库绑定","后续不确定逻辑优先查它"
"TODO-021","P1","M1-App-020","旧线筋 / 弧筋创建算法 P0 版本","pending","按旧证据实现第一批业务层创建 SteelBarGroup，不直接依赖 OCCT","输入 Legacy refs 和参数，输出 domain SteelBarGroup；单测覆盖直线、弧线、短边拒绝、阈值拒绝","domain/rebar 只能依赖 legacy geometry interface；禁止直接 OCCT","TODO-020 证据；TODO-018 模型；TODO-010~013 adapter","TODO-018;TODO-020","没有 golden 时只能验证结构和阈值","先业务对象，不急 UI"
"TODO-022","P1","M1-App-021","AIS 钢筋显示映射","pending","把 domain SteelBarGroup 渲染到 OCCT AIS 显示，但不把显示逻辑反向污染业务","新增 presentation adapter；viewer 可显示线筋/弧筋；CTest 不弹窗；手动 smoke 可选","presentation/occ 可用 AIS；domain 不知道 AIS","M1-App-002；M1-App-003；TODO-021","TODO-021","OpenGL 弹窗空白影响自动测试","默认测试避免真实 viewer"
"TODO-023","P1","M1-App-022","新设计文件格式 runtime P1","pending","把 tsrebar 保存/读取接入正式 app，结合 SFL 业务语义和 OCCT geometryRef","保存 STEP 来源、selection-v1 refs、rebar groups、binding、evidence；validator 通过；Save/Open gate pass","项目格式和 IO；不兼容父目录旧格式为主线","18/24/26/32/33 文档；E-DEV-022","TODO-018","binding 失效和几何引用漂移","必须保留 repair 状态"
"TODO-024","P1","M1-App-023","DetailWriter P1 接入 domain rebar","pending","把 domain 钢筋组映射为 Detail.xml + DetailNN.stl 首批字段","writer 单测覆盖 groupID/rsdID/stbNum/StbGeo/StbTable 关键映射；失败回滚；报告更新","drawing/export 层；不要求 AutoCAD L2 通过","05_Detail工程图包证据.md；13_Detail字段映射矩阵.md；20_DetailWriter输出事务契约.md","TODO-018;TODO-021","AutoCAD 动态导入仍需后验","先 L0/L1 离线"
"TODO-025","P1","Evidence","旧图石输出钢筋 STP 样本入库验证","pending","把 123.stp 作为旧图石钢筋几何 witness，形成可重复 import 统计","记录 hash、solids/faces/edges/vertices/unit；新增或更新样本报告；可选 STEP selection gate","只读样本；不把 STP 当完整业务真相","123.stp；04_SFL样本证据.md；31_STEP选择ID实际运行记录模板与样本清单.md","none","STP 只有几何，没有旧参数和命令历史","用于后续 golden 辅助"
"TODO-026","P2","Golden","旧图石运行 golden 采集方案","pending","等用户愿意采集时，按 6 个 SFL 和 STP/Detail 输出闭合行为证据","形成截图、操作步骤、输出文件、hash、导入统计；更新 12 和 99","需要用户运行旧图石；不阻塞当前 adapter 开发","6 个 SFL；运行确认日志；输出钢筋 STP","TODO-025","人工操作成本高","用户说 golden 先不要，所以保持 P2"
"TODO-027","P1","M2-UI","旧 UI 功能入口 1:1 复刻 P1","pending","新 UI 可以更好看，但功能入口、命令、参数和状态按旧图石对齐","首批菜单/页签/按钮/状态栏可追溯；不确定项进入 GAP；UI smoke pass","Qt6 UI；不改业务算法","01/02/17/35 文档；用户菜单图片","TODO-019","缺旧弹窗参数截图","外观可现代化，操作不能乱改"
"TODO-028","P1","Gate","CSE readiness gate 扩展","pending","把路线护栏自动化，防止后续再次偏到父目录路线","新增检查：domain/rebar OCCT 泄漏、父目录 rebar 业务引用、todo 状态字段、报告存在；gate pass","tools + docs；不改业务功能","23_父目录源码参考边界与路线纠偏.md；46_CSE_v2Goal执行目标与Todo说明.md","TODO-018","门禁过强可能阻碍临时 spike","先 warning，成熟后 strict"
"TODO-029","P2","M2-Edit","钢筋编辑命令专项","pending","复刻移动、裁剪、合并、删除、局部编辑等旧钢筋编辑逻辑","每个命令有输入选择、状态机、业务算法、测试和运行证据","业务层按旧证据；adapter 只给几何能力","功能矩阵；IDA；旧图石运行确认","TODO-021","编辑行为比创建更依赖历史状态","分命令逐个做"
"TODO-030","P2","M2-Stats","钢筋统计 / 下料表专项","pending","复刻旧图石统计和下料表字段生成逻辑","StbTable/StbRow/MaterialTable 映射测试；Detail writer 对齐；运行证据补齐","domain + drawing/export；不碰几何内核","E-IDA-019；GAP-DRAW-004；13_Detail字段映射矩阵.md","TODO-024","旧编号和合并规则未闭合","和工程图输出强相关"
"TODO-031","P2","M2-Drawing","工程图生成专项","pending","复刻生成工程图、剖切线、隐藏线、填充线和 AutoCAD 包输出流程","Detail 包字段覆盖扩大；AutoCAD L2 导入验证；失败回滚","drawing/export；OCCT HLR/section 只做底层能力","GAP-DRAW-001/002/003/005","TODO-024","AutoCAD 插件环境依赖高","用户已有 CAD 商业版"
